,0
factor_valid_drug_names_JQ1_10_0,(+)-JQ1_10.0
factor_valid_drug_names_JQ1_100_0,(+)-JQ1_100.0
factor_valid_drug_names_JQ1_1000_0,(+)-JQ1_1000.0
factor_valid_drug_names_JQ1_10000_0,(+)-JQ1_10000.0
factor_valid_drug_names_X_2_Methoxyestradiol_2_MeOE2_10_0,2-Methoxyestradiol (2-MeOE2)_10.0
factor_valid_drug_names_X_2_Methoxyestradiol_2_MeOE2_100_0,2-Methoxyestradiol (2-MeOE2)_100.0
factor_valid_drug_names_X_2_Methoxyestradiol_2_MeOE2_1000_0,2-Methoxyestradiol (2-MeOE2)_1000.0
factor_valid_drug_names_X_2_Methoxyestradiol_2_MeOE2_10000_0,2-Methoxyestradiol (2-MeOE2)_10000.0
factor_valid_drug_names_A_366_10_0,A-366_10.0
factor_valid_drug_names_A_366_100_0,A-366_100.0
factor_valid_drug_names_A_366_1000_0,A-366_1000.0
factor_valid_drug_names_A_366_10000_0,A-366_10000.0
factor_valid_drug_names_ABT_737_10_0,ABT-737_10.0
factor_valid_drug_names_ABT_737_100_0,ABT-737_100.0
factor_valid_drug_names_ABT_737_1000_0,ABT-737_1000.0
factor_valid_drug_names_ABT_737_10000_0,ABT-737_10000.0
factor_valid_drug_names_AC480_BMS_599626_10_0,AC480 (BMS-599626)_10.0
factor_valid_drug_names_AC480_BMS_599626_100_0,AC480 (BMS-599626)_100.0
factor_valid_drug_names_AC480_BMS_599626_1000_0,AC480 (BMS-599626)_1000.0
factor_valid_drug_names_AC480_BMS_599626_10000_0,AC480 (BMS-599626)_10000.0
factor_valid_drug_names_AG_14361_10_0,AG-14361_10.0
factor_valid_drug_names_AG_14361_100_0,AG-14361_100.0
factor_valid_drug_names_AG_14361_1000_0,AG-14361_1000.0
factor_valid_drug_names_AG_14361_10000_0,AG-14361_10000.0
factor_valid_drug_names_AG_490_Tyrphostin_B42_10_0,AG-490 (Tyrphostin B42)_10.0
factor_valid_drug_names_AG_490_Tyrphostin_B42_100_0,AG-490 (Tyrphostin B42)_100.0
factor_valid_drug_names_AG_490_Tyrphostin_B42_1000_0,AG-490 (Tyrphostin B42)_1000.0
factor_valid_drug_names_AG_490_Tyrphostin_B42_10000_0,AG-490 (Tyrphostin B42)_10000.0
factor_valid_drug_names_AICAR_Acadesine_10_0,AICAR (Acadesine)_10.0
factor_valid_drug_names_AICAR_Acadesine_100_0,AICAR (Acadesine)_100.0
factor_valid_drug_names_AICAR_Acadesine_1000_0,AICAR (Acadesine)_1000.0
factor_valid_drug_names_AICAR_Acadesine_10000_0,AICAR (Acadesine)_10000.0
factor_valid_drug_names_AMG_900_10_0,AMG-900_10.0
factor_valid_drug_names_AMG_900_100_0,AMG-900_100.0
factor_valid_drug_names_AMG_900_1000_0,AMG-900_1000.0
factor_valid_drug_names_AMG_900_10000_0,AMG-900_10000.0
factor_valid_drug_names_AR_42_10_0,AR-42_10.0
factor_valid_drug_names_AR_42_100_0,AR-42_100.0
factor_valid_drug_names_AR_42_1000_0,AR-42_1000.0
factor_valid_drug_names_AR_42_10000_0,AR-42_10000.0
factor_valid_drug_names_AT9283_10_0,AT9283_10.0
factor_valid_drug_names_AT9283_100_0,AT9283_100.0
factor_valid_drug_names_AT9283_1000_0,AT9283_1000.0
factor_valid_drug_names_AT9283_10000_0,AT9283_10000.0
factor_valid_drug_names_AZ_960_10_0,AZ 960_10.0
factor_valid_drug_names_AZ_960_100_0,AZ 960_100.0
factor_valid_drug_names_AZ_960_1000_0,AZ 960_1000.0
factor_valid_drug_names_AZ_960_10000_0,AZ 960_10000.0
factor_valid_drug_names_AZD1480_10_0,AZD1480_10.0
factor_valid_drug_names_AZD1480_100_0,AZD1480_100.0
factor_valid_drug_names_AZD1480_1000_0,AZD1480_1000.0
factor_valid_drug_names_AZD1480_10000_0,AZD1480_10000.0
factor_valid_drug_names_Abexinostat_PCI_24781_10_0,Abexinostat (PCI-24781)_10.0
factor_valid_drug_names_Abexinostat_PCI_24781_100_0,Abexinostat (PCI-24781)_100.0
factor_valid_drug_names_Abexinostat_PCI_24781_1000_0,Abexinostat (PCI-24781)_1000.0
factor_valid_drug_names_Abexinostat_PCI_24781_10000_0,Abexinostat (PCI-24781)_10000.0
factor_valid_drug_names_Alendronate_sodium_trihydrate_10_0,Alendronate sodium trihydrate_10.0
factor_valid_drug_names_Alendronate_sodium_trihydrate_100_0,Alendronate sodium trihydrate_100.0
factor_valid_drug_names_Alendronate_sodium_trihydrate_1000_0,Alendronate sodium trihydrate_1000.0
factor_valid_drug_names_Alendronate_sodium_trihydrate_10000_0,Alendronate sodium trihydrate_10000.0
factor_valid_drug_names_Alisertib_MLN8237_10_0,Alisertib (MLN8237)_10.0
factor_valid_drug_names_Alisertib_MLN8237_100_0,Alisertib (MLN8237)_100.0
factor_valid_drug_names_Alisertib_MLN8237_1000_0,Alisertib (MLN8237)_1000.0
factor_valid_drug_names_Alisertib_MLN8237_10000_0,Alisertib (MLN8237)_10000.0
factor_valid_drug_names_Altretamine_10_0,Altretamine_10.0
factor_valid_drug_names_Altretamine_100_0,Altretamine_100.0
factor_valid_drug_names_Altretamine_1000_0,Altretamine_1000.0
factor_valid_drug_names_Altretamine_10000_0,Altretamine_10000.0
factor_valid_drug_names_Alvespimycin_17_DMAG_HCl_10_0,Alvespimycin (17-DMAG) HCl_10.0
factor_valid_drug_names_Alvespimycin_17_DMAG_HCl_100_0,Alvespimycin (17-DMAG) HCl_100.0
factor_valid_drug_names_Alvespimycin_17_DMAG_HCl_1000_0,Alvespimycin (17-DMAG) HCl_1000.0
factor_valid_drug_names_Alvespimycin_17_DMAG_HCl_10000_0,Alvespimycin (17-DMAG) HCl_10000.0
factor_valid_drug_names_Aminoglutethimide_10_0,Aminoglutethimide _10.0
factor_valid_drug_names_Aminoglutethimide_100_0,Aminoglutethimide _100.0
factor_valid_drug_names_Aminoglutethimide_1000_0,Aminoglutethimide _1000.0
factor_valid_drug_names_Aminoglutethimide_10000_0,Aminoglutethimide _10000.0
factor_valid_drug_names_Amisulpride_10_0,Amisulpride_10.0
factor_valid_drug_names_Amisulpride_100_0,Amisulpride_100.0
factor_valid_drug_names_Amisulpride_1000_0,Amisulpride_1000.0
factor_valid_drug_names_Amisulpride_10000_0,Amisulpride_10000.0
factor_valid_drug_names_Anacardic_Acid_10_0,Anacardic Acid_10.0
factor_valid_drug_names_Anacardic_Acid_100_0,Anacardic Acid_100.0
factor_valid_drug_names_Anacardic_Acid_1000_0,Anacardic Acid_1000.0
factor_valid_drug_names_Anacardic_Acid_10000_0,Anacardic Acid_10000.0
factor_valid_drug_names_Andarine_10_0,Andarine_10.0
factor_valid_drug_names_Andarine_100_0,Andarine_100.0
factor_valid_drug_names_Andarine_1000_0,Andarine_1000.0
factor_valid_drug_names_Andarine_10000_0,Andarine_10000.0
factor_valid_drug_names_Aurora_A_Inhibitor_I_10_0,Aurora A Inhibitor I_10.0
factor_valid_drug_names_Aurora_A_Inhibitor_I_100_0,Aurora A Inhibitor I_100.0
factor_valid_drug_names_Aurora_A_Inhibitor_I_1000_0,Aurora A Inhibitor I_1000.0
factor_valid_drug_names_Aurora_A_Inhibitor_I_10000_0,Aurora A Inhibitor I_10000.0
factor_valid_drug_names_Avagacestat_BMS_708163_10_0,Avagacestat (BMS-708163)_10.0
factor_valid_drug_names_Avagacestat_BMS_708163_100_0,Avagacestat (BMS-708163)_100.0
factor_valid_drug_names_Avagacestat_BMS_708163_1000_0,Avagacestat (BMS-708163)_1000.0
factor_valid_drug_names_Avagacestat_BMS_708163_10000_0,Avagacestat (BMS-708163)_10000.0
factor_valid_drug_names_Azacitidine_10_0,Azacitidine _10.0
factor_valid_drug_names_Azacitidine_100_0,Azacitidine _100.0
factor_valid_drug_names_Azacitidine_1000_0,Azacitidine _1000.0
factor_valid_drug_names_Azacitidine_10000_0,Azacitidine _10000.0
factor_valid_drug_names_BMS_265246_10_0,BMS-265246_10.0
factor_valid_drug_names_BMS_265246_100_0,BMS-265246_100.0
factor_valid_drug_names_BMS_265246_1000_0,BMS-265246_1000.0
factor_valid_drug_names_BMS_265246_10000_0,BMS-265246_10000.0
factor_valid_drug_names_BMS_536924_10_0,BMS-536924_10.0
factor_valid_drug_names_BMS_536924_100_0,BMS-536924_100.0
factor_valid_drug_names_BMS_536924_1000_0,BMS-536924_1000.0
factor_valid_drug_names_BMS_536924_10000_0,BMS-536924_10000.0
factor_valid_drug_names_BMS_754807_10_0,BMS-754807_10.0
factor_valid_drug_names_BMS_754807_100_0,BMS-754807_100.0
factor_valid_drug_names_BMS_754807_1000_0,BMS-754807_1000.0
factor_valid_drug_names_BMS_754807_10000_0,BMS-754807_10000.0
factor_valid_drug_names_BMS_911543_10_0,BMS-911543_10.0
factor_valid_drug_names_BMS_911543_100_0,BMS-911543_100.0
factor_valid_drug_names_BMS_911543_1000_0,BMS-911543_1000.0
factor_valid_drug_names_BMS_911543_10000_0,BMS-911543_10000.0
factor_valid_drug_names_BRD4770_10_0,BRD4770_10.0
factor_valid_drug_names_BRD4770_100_0,BRD4770_100.0
factor_valid_drug_names_BRD4770_1000_0,BRD4770_1000.0
factor_valid_drug_names_BRD4770_10000_0,BRD4770_10000.0
factor_valid_drug_names_Barasertib_AZD1152_HQPA_10_0,Barasertib (AZD1152-HQPA)_10.0
factor_valid_drug_names_Barasertib_AZD1152_HQPA_100_0,Barasertib (AZD1152-HQPA)_100.0
factor_valid_drug_names_Barasertib_AZD1152_HQPA_1000_0,Barasertib (AZD1152-HQPA)_1000.0
factor_valid_drug_names_Barasertib_AZD1152_HQPA_10000_0,Barasertib (AZD1152-HQPA)_10000.0
factor_valid_drug_names_Baricitinib_LY3009104_INCB028050_10_0,"Baricitinib (LY3009104, INCB028050)_10.0"
factor_valid_drug_names_Baricitinib_LY3009104_INCB028050_100_0,"Baricitinib (LY3009104, INCB028050)_100.0"
factor_valid_drug_names_Baricitinib_LY3009104_INCB028050_1000_0,"Baricitinib (LY3009104, INCB028050)_1000.0"
factor_valid_drug_names_Baricitinib_LY3009104_INCB028050_10000_0,"Baricitinib (LY3009104, INCB028050)_10000.0"
factor_valid_drug_names_Belinostat_PXD101_10_0,Belinostat (PXD101)_10.0
factor_valid_drug_names_Belinostat_PXD101_100_0,Belinostat (PXD101)_100.0
factor_valid_drug_names_Belinostat_PXD101_1000_0,Belinostat (PXD101)_1000.0
factor_valid_drug_names_Belinostat_PXD101_10000_0,Belinostat (PXD101)_10000.0
factor_valid_drug_names_Bisindolylmaleimide_IX_Ro_31_8220_Mesylate_10_0,Bisindolylmaleimide IX (Ro 31-8220 Mesylate)_10.0
factor_valid_drug_names_Bisindolylmaleimide_IX_Ro_31_8220_Mesylate_100_0,Bisindolylmaleimide IX (Ro 31-8220 Mesylate)_100.0
factor_valid_drug_names_Bisindolylmaleimide_IX_Ro_31_8220_Mesylate_1000_0,Bisindolylmaleimide IX (Ro 31-8220 Mesylate)_1000.0
factor_valid_drug_names_Bisindolylmaleimide_IX_Ro_31_8220_Mesylate_10000_0,Bisindolylmaleimide IX (Ro 31-8220 Mesylate)_10000.0
factor_valid_drug_names_Bosutinib_SKI_606_10_0,Bosutinib (SKI-606)_10.0
factor_valid_drug_names_Bosutinib_SKI_606_100_0,Bosutinib (SKI-606)_100.0
factor_valid_drug_names_Bosutinib_SKI_606_1000_0,Bosutinib (SKI-606)_1000.0
factor_valid_drug_names_Bosutinib_SKI_606_10000_0,Bosutinib (SKI-606)_10000.0
factor_valid_drug_names_Busulfan_10_0,Busulfan _10.0
factor_valid_drug_names_Busulfan_100_0,Busulfan _100.0
factor_valid_drug_names_Busulfan_1000_0,Busulfan _1000.0
factor_valid_drug_names_Busulfan_10000_0,Busulfan _10000.0
factor_valid_drug_names_CEP_33779_10_0,CEP-33779_10.0
factor_valid_drug_names_CEP_33779_100_0,CEP-33779_100.0
factor_valid_drug_names_CEP_33779_1000_0,CEP-33779_1000.0
factor_valid_drug_names_CEP_33779_10000_0,CEP-33779_10000.0
factor_valid_drug_names_CUDC_101_10_0,CUDC-101_10.0
factor_valid_drug_names_CUDC_101_100_0,CUDC-101_100.0
factor_valid_drug_names_CUDC_101_1000_0,CUDC-101_1000.0
factor_valid_drug_names_CUDC_101_10000_0,CUDC-101_10000.0
factor_valid_drug_names_CUDC_907_10_0,CUDC-907_10.0
factor_valid_drug_names_CUDC_907_100_0,CUDC-907_100.0
factor_valid_drug_names_CUDC_907_1000_0,CUDC-907_1000.0
factor_valid_drug_names_CUDC_907_10000_0,CUDC-907_10000.0
factor_valid_drug_names_CYC116_10_0,CYC116_10.0
factor_valid_drug_names_CYC116_100_0,CYC116_100.0
factor_valid_drug_names_CYC116_1000_0,CYC116_1000.0
factor_valid_drug_names_CYC116_10000_0,CYC116_10000.0
factor_valid_drug_names_Capecitabine_10_0,Capecitabine _10.0
factor_valid_drug_names_Capecitabine_100_0,Capecitabine _100.0
factor_valid_drug_names_Capecitabine_1000_0,Capecitabine _1000.0
factor_valid_drug_names_Capecitabine_10000_0,Capecitabine _10000.0
factor_valid_drug_names_Carmofur_10_0,Carmofur_10.0
factor_valid_drug_names_Carmofur_100_0,Carmofur_100.0
factor_valid_drug_names_Carmofur_1000_0,Carmofur_1000.0
factor_valid_drug_names_Carmofur_10000_0,Carmofur_10000.0
factor_valid_drug_names_Cediranib_AZD2171_10_0,Cediranib (AZD2171)_10.0
factor_valid_drug_names_Cediranib_AZD2171_100_0,Cediranib (AZD2171)_100.0
factor_valid_drug_names_Cediranib_AZD2171_1000_0,Cediranib (AZD2171)_1000.0
factor_valid_drug_names_Cediranib_AZD2171_10000_0,Cediranib (AZD2171)_10000.0
factor_valid_drug_names_Celecoxib_10_0,Celecoxib_10.0
factor_valid_drug_names_Celecoxib_100_0,Celecoxib_100.0
factor_valid_drug_names_Celecoxib_1000_0,Celecoxib_1000.0
factor_valid_drug_names_Celecoxib_10000_0,Celecoxib_10000.0
factor_valid_drug_names_Cerdulatinib_PRT062070_PRT2070_10_0,"Cerdulatinib (PRT062070, PRT2070)_10.0"
factor_valid_drug_names_Cerdulatinib_PRT062070_PRT2070_100_0,"Cerdulatinib (PRT062070, PRT2070)_100.0"
factor_valid_drug_names_Cerdulatinib_PRT062070_PRT2070_1000_0,"Cerdulatinib (PRT062070, PRT2070)_1000.0"
factor_valid_drug_names_Cerdulatinib_PRT062070_PRT2070_10000_0,"Cerdulatinib (PRT062070, PRT2070)_10000.0"
factor_valid_drug_names_Cimetidine_10_0,Cimetidine _10.0
factor_valid_drug_names_Cimetidine_100_0,Cimetidine _100.0
factor_valid_drug_names_Cimetidine_1000_0,Cimetidine _1000.0
factor_valid_drug_names_Cimetidine_10000_0,Cimetidine _10000.0
factor_valid_drug_names_Clevudine_10_0,Clevudine _10.0
factor_valid_drug_names_Clevudine_100_0,Clevudine _100.0
factor_valid_drug_names_Clevudine_1000_0,Clevudine _1000.0
factor_valid_drug_names_Clevudine_10000_0,Clevudine _10000.0
factor_valid_drug_names_Costunolide_10_0,Costunolide_10.0
factor_valid_drug_names_Costunolide_100_0,Costunolide_100.0
factor_valid_drug_names_Costunolide_1000_0,Costunolide_1000.0
factor_valid_drug_names_Costunolide_10000_0,Costunolide_10000.0
factor_valid_drug_names_Crizotinib_PF_02341066_10_0,Crizotinib (PF-02341066)_10.0
factor_valid_drug_names_Crizotinib_PF_02341066_100_0,Crizotinib (PF-02341066)_100.0
factor_valid_drug_names_Crizotinib_PF_02341066_1000_0,Crizotinib (PF-02341066)_1000.0
factor_valid_drug_names_Crizotinib_PF_02341066_10000_0,Crizotinib (PF-02341066)_10000.0
factor_valid_drug_names_Curcumin_10_0,Curcumin_10.0
factor_valid_drug_names_Curcumin_100_0,Curcumin_100.0
factor_valid_drug_names_Curcumin_1000_0,Curcumin_1000.0
factor_valid_drug_names_Curcumin_10000_0,Curcumin_10000.0
factor_valid_drug_names_Cyclocytidine_HCl_10_0,Cyclocytidine HCl_10.0
factor_valid_drug_names_Cyclocytidine_HCl_100_0,Cyclocytidine HCl_100.0
factor_valid_drug_names_Cyclocytidine_HCl_1000_0,Cyclocytidine HCl_1000.0
factor_valid_drug_names_Cyclocytidine_HCl_10000_0,Cyclocytidine HCl_10000.0
factor_valid_drug_names_Dacinostat_LAQ824_10_0,Dacinostat (LAQ824)_10.0
factor_valid_drug_names_Dacinostat_LAQ824_100_0,Dacinostat (LAQ824)_100.0
factor_valid_drug_names_Dacinostat_LAQ824_1000_0,Dacinostat (LAQ824)_1000.0
factor_valid_drug_names_Dacinostat_LAQ824_10000_0,Dacinostat (LAQ824)_10000.0
factor_valid_drug_names_Danusertib_PHA_739358_10_0,Danusertib (PHA-739358)_10.0
factor_valid_drug_names_Danusertib_PHA_739358_100_0,Danusertib (PHA-739358)_100.0
factor_valid_drug_names_Danusertib_PHA_739358_1000_0,Danusertib (PHA-739358)_1000.0
factor_valid_drug_names_Danusertib_PHA_739358_10000_0,Danusertib (PHA-739358)_10000.0
factor_valid_drug_names_Daphnetin_10_0,Daphnetin_10.0
factor_valid_drug_names_Daphnetin_100_0,Daphnetin_100.0
factor_valid_drug_names_Daphnetin_1000_0,Daphnetin_1000.0
factor_valid_drug_names_Daphnetin_10000_0,Daphnetin_10000.0
factor_valid_drug_names_Dasatinib_10_0,Dasatinib_10.0
factor_valid_drug_names_Dasatinib_100_0,Dasatinib_100.0
factor_valid_drug_names_Dasatinib_1000_0,Dasatinib_1000.0
factor_valid_drug_names_Dasatinib_10000_0,Dasatinib_10000.0
factor_valid_drug_names_Decitabine_10_0,Decitabine_10.0
factor_valid_drug_names_Decitabine_100_0,Decitabine_100.0
factor_valid_drug_names_Decitabine_1000_0,Decitabine_1000.0
factor_valid_drug_names_Decitabine_10000_0,Decitabine_10000.0
factor_valid_drug_names_Disulfiram_10_0,Disulfiram _10.0
factor_valid_drug_names_Disulfiram_100_0,Disulfiram _100.0
factor_valid_drug_names_Disulfiram_1000_0,Disulfiram _1000.0
factor_valid_drug_names_Disulfiram_10000_0,Disulfiram _10000.0
factor_valid_drug_names_Divalproex_Sodium_10_0,Divalproex Sodium_10.0
factor_valid_drug_names_Divalproex_Sodium_100_0,Divalproex Sodium_100.0
factor_valid_drug_names_Divalproex_Sodium_1000_0,Divalproex Sodium_1000.0
factor_valid_drug_names_Divalproex_Sodium_10000_0,Divalproex Sodium_10000.0
factor_valid_drug_names_Droxinostat_10_0,Droxinostat_10.0
factor_valid_drug_names_Droxinostat_100_0,Droxinostat_100.0
factor_valid_drug_names_Droxinostat_1000_0,Droxinostat_1000.0
factor_valid_drug_names_Droxinostat_10000_0,Droxinostat_10000.0
factor_valid_drug_names_EED226_10_0,EED226_10.0
factor_valid_drug_names_EED226_100_0,EED226_100.0
factor_valid_drug_names_EED226_1000_0,EED226_1000.0
factor_valid_drug_names_EED226_10000_0,EED226_10000.0
factor_valid_drug_names_ENMD_2076_L_Tartaric_acid_10_0,ENMD-2076 L-(+)-Tartaric acid _10.0
factor_valid_drug_names_ENMD_2076_L_Tartaric_acid_100_0,ENMD-2076 L-(+)-Tartaric acid _100.0
factor_valid_drug_names_ENMD_2076_L_Tartaric_acid_1000_0,ENMD-2076 L-(+)-Tartaric acid _1000.0
factor_valid_drug_names_ENMD_2076_L_Tartaric_acid_10000_0,ENMD-2076 L-(+)-Tartaric acid _10000.0
factor_valid_drug_names_ENMD_2076_10_0,ENMD-2076_10.0
factor_valid_drug_names_ENMD_2076_100_0,ENMD-2076_100.0
factor_valid_drug_names_ENMD_2076_1000_0,ENMD-2076_1000.0
factor_valid_drug_names_ENMD_2076_10000_0,ENMD-2076_10000.0
factor_valid_drug_names_Ellagic_acid_10_0,Ellagic acid_10.0
factor_valid_drug_names_Ellagic_acid_100_0,Ellagic acid_100.0
factor_valid_drug_names_Ellagic_acid_1000_0,Ellagic acid_1000.0
factor_valid_drug_names_Ellagic_acid_10000_0,Ellagic acid_10000.0
factor_valid_drug_names_Entacapone_10_0,Entacapone_10.0
factor_valid_drug_names_Entacapone_100_0,Entacapone_100.0
factor_valid_drug_names_Entacapone_1000_0,Entacapone_1000.0
factor_valid_drug_names_Entacapone_10000_0,Entacapone_10000.0
factor_valid_drug_names_Entinostat_MS_275_10_0,Entinostat (MS-275)_10.0
factor_valid_drug_names_Entinostat_MS_275_100_0,Entinostat (MS-275)_100.0
factor_valid_drug_names_Entinostat_MS_275_1000_0,Entinostat (MS-275)_1000.0
factor_valid_drug_names_Entinostat_MS_275_10000_0,Entinostat (MS-275)_10000.0
factor_valid_drug_names_Enzastaurin_LY317615_10_0,Enzastaurin (LY317615)_10.0
factor_valid_drug_names_Enzastaurin_LY317615_100_0,Enzastaurin (LY317615)_100.0
factor_valid_drug_names_Enzastaurin_LY317615_1000_0,Enzastaurin (LY317615)_1000.0
factor_valid_drug_names_Enzastaurin_LY317615_10000_0,Enzastaurin (LY317615)_10000.0
factor_valid_drug_names_Epothilone_A_10_0,Epothilone A_10.0
factor_valid_drug_names_Epothilone_A_100_0,Epothilone A_100.0
factor_valid_drug_names_Epothilone_A_1000_0,Epothilone A_1000.0
factor_valid_drug_names_Epothilone_A_10000_0,Epothilone A_10000.0
factor_valid_drug_names_FLLL32_10_0,FLLL32_10.0
factor_valid_drug_names_FLLL32_100_0,FLLL32_100.0
factor_valid_drug_names_FLLL32_1000_0,FLLL32_1000.0
factor_valid_drug_names_FLLL32_10000_0,FLLL32_10000.0
factor_valid_drug_names_Fasudil_HA_1077_HCl_10_0,Fasudil (HA-1077) HCl_10.0
factor_valid_drug_names_Fasudil_HA_1077_HCl_100_0,Fasudil (HA-1077) HCl_100.0
factor_valid_drug_names_Fasudil_HA_1077_HCl_1000_0,Fasudil (HA-1077) HCl_1000.0
factor_valid_drug_names_Fasudil_HA_1077_HCl_10000_0,Fasudil (HA-1077) HCl_10000.0
factor_valid_drug_names_Fedratinib_SAR302503_TG101348_10_0,"Fedratinib (SAR302503, TG101348)_10.0"
factor_valid_drug_names_Fedratinib_SAR302503_TG101348_100_0,"Fedratinib (SAR302503, TG101348)_100.0"
factor_valid_drug_names_Fedratinib_SAR302503_TG101348_1000_0,"Fedratinib (SAR302503, TG101348)_1000.0"
factor_valid_drug_names_Fedratinib_SAR302503_TG101348_10000_0,"Fedratinib (SAR302503, TG101348)_10000.0"
factor_valid_drug_names_Filgotinib_GLPG0634_10_0,Filgotinib (GLPG0634)_10.0
factor_valid_drug_names_Filgotinib_GLPG0634_100_0,Filgotinib (GLPG0634)_100.0
factor_valid_drug_names_Filgotinib_GLPG0634_1000_0,Filgotinib (GLPG0634)_1000.0
factor_valid_drug_names_Filgotinib_GLPG0634_10000_0,Filgotinib (GLPG0634)_10000.0
factor_valid_drug_names_Flavopiridol_HCl_10_0,Flavopiridol HCl_10.0
factor_valid_drug_names_Flavopiridol_HCl_100_0,Flavopiridol HCl_100.0
factor_valid_drug_names_Flavopiridol_HCl_1000_0,Flavopiridol HCl_1000.0
factor_valid_drug_names_Flavopiridol_HCl_10000_0,Flavopiridol HCl_10000.0
factor_valid_drug_names_Fluorouracil_5_Fluoracil_5_FU_10_0,"Fluorouracil (5-Fluoracil, 5-FU)_10.0"
factor_valid_drug_names_Fluorouracil_5_Fluoracil_5_FU_100_0,"Fluorouracil (5-Fluoracil, 5-FU)_100.0"
factor_valid_drug_names_Fluorouracil_5_Fluoracil_5_FU_1000_0,"Fluorouracil (5-Fluoracil, 5-FU)_1000.0"
factor_valid_drug_names_Fluorouracil_5_Fluoracil_5_FU_10000_0,"Fluorouracil (5-Fluoracil, 5-FU)_10000.0"
factor_valid_drug_names_Fulvestrant_10_0,Fulvestrant_10.0
factor_valid_drug_names_Fulvestrant_100_0,Fulvestrant_100.0
factor_valid_drug_names_Fulvestrant_1000_0,Fulvestrant_1000.0
factor_valid_drug_names_Fulvestrant_10000_0,Fulvestrant_10000.0
factor_valid_drug_names_G007_LK_10_0,G007-LK_10.0
factor_valid_drug_names_G007_LK_100_0,G007-LK_100.0
factor_valid_drug_names_G007_LK_1000_0,G007-LK_1000.0
factor_valid_drug_names_G007_LK_10000_0,G007-LK_10000.0
factor_valid_drug_names_GSK_J1_10_0,GSK J1_10.0
factor_valid_drug_names_GSK_J1_100_0,GSK J1_100.0
factor_valid_drug_names_GSK_J1_1000_0,GSK J1_1000.0
factor_valid_drug_names_GSK_J1_10000_0,GSK J1_10000.0
factor_valid_drug_names_GSK_LSD1_2HCl_10_0,GSK-LSD1 2HCl_10.0
factor_valid_drug_names_GSK_LSD1_2HCl_100_0,GSK-LSD1 2HCl_100.0
factor_valid_drug_names_GSK_LSD1_2HCl_1000_0,GSK-LSD1 2HCl_1000.0
factor_valid_drug_names_GSK_LSD1_2HCl_10000_0,GSK-LSD1 2HCl_10000.0
factor_valid_drug_names_GSK1070916_10_0,GSK1070916_10.0
factor_valid_drug_names_GSK1070916_100_0,GSK1070916_100.0
factor_valid_drug_names_GSK1070916_1000_0,GSK1070916_1000.0
factor_valid_drug_names_GSK1070916_10000_0,GSK1070916_10000.0
factor_valid_drug_names_Gandotinib_LY2784544_10_0,Gandotinib (LY2784544)_10.0
factor_valid_drug_names_Gandotinib_LY2784544_100_0,Gandotinib (LY2784544)_100.0
factor_valid_drug_names_Gandotinib_LY2784544_1000_0,Gandotinib (LY2784544)_1000.0
factor_valid_drug_names_Gandotinib_LY2784544_10000_0,Gandotinib (LY2784544)_10000.0
factor_valid_drug_names_Givinostat_ITF2357_10_0,Givinostat (ITF2357)_10.0
factor_valid_drug_names_Givinostat_ITF2357_100_0,Givinostat (ITF2357)_100.0
factor_valid_drug_names_Givinostat_ITF2357_1000_0,Givinostat (ITF2357)_1000.0
factor_valid_drug_names_Givinostat_ITF2357_10000_0,Givinostat (ITF2357)_10000.0
factor_valid_drug_names_Glesatinib_MGCD265_10_0,Glesatinib?(MGCD265)_10.0
factor_valid_drug_names_Glesatinib_MGCD265_100_0,Glesatinib?(MGCD265)_100.0
factor_valid_drug_names_Glesatinib_MGCD265_1000_0,Glesatinib?(MGCD265)_1000.0
factor_valid_drug_names_Glesatinib_MGCD265_10000_0,Glesatinib?(MGCD265)_10000.0
factor_valid_drug_names_Hesperadin_10_0,Hesperadin_10.0
factor_valid_drug_names_Hesperadin_100_0,Hesperadin_100.0
factor_valid_drug_names_Hesperadin_1000_0,Hesperadin_1000.0
factor_valid_drug_names_Hesperadin_10000_0,Hesperadin_10000.0
factor_valid_drug_names_INO_1001_3_Aminobenzamide_10_0,INO-1001 (3-Aminobenzamide)_10.0
factor_valid_drug_names_INO_1001_3_Aminobenzamide_100_0,INO-1001 (3-Aminobenzamide)_100.0
factor_valid_drug_names_INO_1001_3_Aminobenzamide_1000_0,INO-1001 (3-Aminobenzamide)_1000.0
factor_valid_drug_names_INO_1001_3_Aminobenzamide_10000_0,INO-1001 (3-Aminobenzamide)_10000.0
factor_valid_drug_names_IOX2_10_0,IOX2_10.0
factor_valid_drug_names_IOX2_100_0,IOX2_100.0
factor_valid_drug_names_IOX2_1000_0,IOX2_1000.0
factor_valid_drug_names_IOX2_10000_0,IOX2_10000.0
factor_valid_drug_names_ITSA_1_ITSA1_10_0,ITSA-1 (ITSA1)_10.0
factor_valid_drug_names_ITSA_1_ITSA1_100_0,ITSA-1 (ITSA1)_100.0
factor_valid_drug_names_ITSA_1_ITSA1_1000_0,ITSA-1 (ITSA1)_1000.0
factor_valid_drug_names_ITSA_1_ITSA1_10000_0,ITSA-1 (ITSA1)_10000.0
factor_valid_drug_names_Iniparib_BSI_201_10_0,Iniparib (BSI-201)_10.0
factor_valid_drug_names_Iniparib_BSI_201_100_0,Iniparib (BSI-201)_100.0
factor_valid_drug_names_Iniparib_BSI_201_1000_0,Iniparib (BSI-201)_1000.0
factor_valid_drug_names_Iniparib_BSI_201_10000_0,Iniparib (BSI-201)_10000.0
factor_valid_drug_names_Ivosidenib_AG_120_10_0,Ivosidenib (AG-120)_10.0
factor_valid_drug_names_Ivosidenib_AG_120_100_0,Ivosidenib (AG-120)_100.0
factor_valid_drug_names_Ivosidenib_AG_120_1000_0,Ivosidenib (AG-120)_1000.0
factor_valid_drug_names_Ivosidenib_AG_120_10000_0,Ivosidenib (AG-120)_10000.0
factor_valid_drug_names_JNJ_26854165_Serdemetan_10_0,JNJ-26854165 (Serdemetan)_10.0
factor_valid_drug_names_JNJ_26854165_Serdemetan_100_0,JNJ-26854165 (Serdemetan)_100.0
factor_valid_drug_names_JNJ_26854165_Serdemetan_1000_0,JNJ-26854165 (Serdemetan)_1000.0
factor_valid_drug_names_JNJ_26854165_Serdemetan_10000_0,JNJ-26854165 (Serdemetan)_10000.0
factor_valid_drug_names_JNJ_7706621_10_0,JNJ-7706621_10.0
factor_valid_drug_names_JNJ_7706621_100_0,JNJ-7706621_100.0
factor_valid_drug_names_JNJ_7706621_1000_0,JNJ-7706621_1000.0
factor_valid_drug_names_JNJ_7706621_10000_0,JNJ-7706621_10000.0
factor_valid_drug_names_KW_2449_10_0,KW-2449_10.0
factor_valid_drug_names_KW_2449_100_0,KW-2449_100.0
factor_valid_drug_names_KW_2449_1000_0,KW-2449_1000.0
factor_valid_drug_names_KW_2449_10000_0,KW-2449_10000.0
factor_valid_drug_names_Ki16425_10_0,Ki16425_10.0
factor_valid_drug_names_Ki16425_100_0,Ki16425_100.0
factor_valid_drug_names_Ki16425_1000_0,Ki16425_1000.0
factor_valid_drug_names_Ki16425_10000_0,Ki16425_10000.0
factor_valid_drug_names_Ki8751_10_0,Ki8751_10.0
factor_valid_drug_names_Ki8751_100_0,Ki8751_100.0
factor_valid_drug_names_Ki8751_1000_0,Ki8751_1000.0
factor_valid_drug_names_Ki8751_10000_0,Ki8751_10000.0
factor_valid_drug_names_Lapatinib_GW_572016_Ditosylate_10_0,Lapatinib (GW-572016) Ditosylate_10.0
factor_valid_drug_names_Lapatinib_GW_572016_Ditosylate_100_0,Lapatinib (GW-572016) Ditosylate_100.0
factor_valid_drug_names_Lapatinib_GW_572016_Ditosylate_1000_0,Lapatinib (GW-572016) Ditosylate_1000.0
factor_valid_drug_names_Lapatinib_GW_572016_Ditosylate_10000_0,Lapatinib (GW-572016) Ditosylate_10000.0
factor_valid_drug_names_Lenalidomide_CC_5013_10_0,Lenalidomide (CC-5013)_10.0
factor_valid_drug_names_Lenalidomide_CC_5013_100_0,Lenalidomide (CC-5013)_100.0
factor_valid_drug_names_Lenalidomide_CC_5013_1000_0,Lenalidomide (CC-5013)_1000.0
factor_valid_drug_names_Lenalidomide_CC_5013_10000_0,Lenalidomide (CC-5013)_10000.0
factor_valid_drug_names_Linifanib_ABT_869_10_0,Linifanib (ABT-869)_10.0
factor_valid_drug_names_Linifanib_ABT_869_100_0,Linifanib (ABT-869)_100.0
factor_valid_drug_names_Linifanib_ABT_869_1000_0,Linifanib (ABT-869)_1000.0
factor_valid_drug_names_Linifanib_ABT_869_10000_0,Linifanib (ABT-869)_10000.0
factor_valid_drug_names_Lomustine_10_0,Lomustine _10.0
factor_valid_drug_names_Lomustine_100_0,Lomustine _100.0
factor_valid_drug_names_Lomustine_1000_0,Lomustine _1000.0
factor_valid_drug_names_Lomustine_10000_0,Lomustine _10000.0
factor_valid_drug_names_Luminespib_AUY_922_NVP_AUY922_10_0,"Luminespib (AUY-922, NVP-AUY922)_10.0"
factor_valid_drug_names_Luminespib_AUY_922_NVP_AUY922_100_0,"Luminespib (AUY-922, NVP-AUY922)_100.0"
factor_valid_drug_names_Luminespib_AUY_922_NVP_AUY922_1000_0,"Luminespib (AUY-922, NVP-AUY922)_1000.0"
factor_valid_drug_names_Luminespib_AUY_922_NVP_AUY922_10000_0,"Luminespib (AUY-922, NVP-AUY922)_10000.0"
factor_valid_drug_names_M344_10_0,M344_10.0
factor_valid_drug_names_M344_100_0,M344_100.0
factor_valid_drug_names_M344_1000_0,M344_1000.0
factor_valid_drug_names_M344_10000_0,M344_10000.0
factor_valid_drug_names_MC1568_10_0,MC1568_10.0
factor_valid_drug_names_MC1568_100_0,MC1568_100.0
factor_valid_drug_names_MC1568_1000_0,MC1568_1000.0
factor_valid_drug_names_MC1568_10000_0,MC1568_10000.0
factor_valid_drug_names_MK_0752_10_0,MK-0752_10.0
factor_valid_drug_names_MK_0752_100_0,MK-0752_100.0
factor_valid_drug_names_MK_0752_1000_0,MK-0752_1000.0
factor_valid_drug_names_MK_0752_10000_0,MK-0752_10000.0
factor_valid_drug_names_MK_5108_VX_689_10_0,MK-5108 (VX-689)_10.0
factor_valid_drug_names_MK_5108_VX_689_100_0,MK-5108 (VX-689)_100.0
factor_valid_drug_names_MK_5108_VX_689_1000_0,MK-5108 (VX-689)_1000.0
factor_valid_drug_names_MK_5108_VX_689_10000_0,MK-5108 (VX-689)_10000.0
factor_valid_drug_names_MLN8054_10_0,MLN8054_10.0
factor_valid_drug_names_MLN8054_100_0,MLN8054_100.0
factor_valid_drug_names_MLN8054_1000_0,MLN8054_1000.0
factor_valid_drug_names_MLN8054_10000_0,MLN8054_10000.0
factor_valid_drug_names_Maraviroc_10_0,Maraviroc_10.0
factor_valid_drug_names_Maraviroc_100_0,Maraviroc_100.0
factor_valid_drug_names_Maraviroc_1000_0,Maraviroc_1000.0
factor_valid_drug_names_Maraviroc_10000_0,Maraviroc_10000.0
factor_valid_drug_names_Meprednisone_10_0,Meprednisone_10.0
factor_valid_drug_names_Meprednisone_100_0,Meprednisone_100.0
factor_valid_drug_names_Meprednisone_1000_0,Meprednisone_1000.0
factor_valid_drug_names_Meprednisone_10000_0,Meprednisone_10000.0
factor_valid_drug_names_Mercaptopurine_6_MP_10_0,Mercaptopurine (6-MP)_10.0
factor_valid_drug_names_Mercaptopurine_6_MP_100_0,Mercaptopurine (6-MP)_100.0
factor_valid_drug_names_Mercaptopurine_6_MP_1000_0,Mercaptopurine (6-MP)_1000.0
factor_valid_drug_names_Mercaptopurine_6_MP_10000_0,Mercaptopurine (6-MP)_10000.0
factor_valid_drug_names_Mesna_10_0,Mesna _10.0
factor_valid_drug_names_Mesna_100_0,Mesna _100.0
factor_valid_drug_names_Mesna_1000_0,Mesna _1000.0
factor_valid_drug_names_Mesna_10000_0,Mesna _10000.0
factor_valid_drug_names_Mocetinostat_MGCD0103_10_0,Mocetinostat (MGCD0103)_10.0
factor_valid_drug_names_Mocetinostat_MGCD0103_100_0,Mocetinostat (MGCD0103)_100.0
factor_valid_drug_names_Mocetinostat_MGCD0103_1000_0,Mocetinostat (MGCD0103)_1000.0
factor_valid_drug_names_Mocetinostat_MGCD0103_10000_0,Mocetinostat (MGCD0103)_10000.0
factor_valid_drug_names_Momelotinib_CYT387_10_0,Momelotinib (CYT387)_10.0
factor_valid_drug_names_Momelotinib_CYT387_100_0,Momelotinib (CYT387)_100.0
factor_valid_drug_names_Momelotinib_CYT387_1000_0,Momelotinib (CYT387)_1000.0
factor_valid_drug_names_Momelotinib_CYT387_10000_0,Momelotinib (CYT387)_10000.0
factor_valid_drug_names_Motesanib_Diphosphate_AMG_706_10_0,Motesanib Diphosphate (AMG-706)_10.0
factor_valid_drug_names_Motesanib_Diphosphate_AMG_706_100_0,Motesanib Diphosphate (AMG-706)_100.0
factor_valid_drug_names_Motesanib_Diphosphate_AMG_706_1000_0,Motesanib Diphosphate (AMG-706)_1000.0
factor_valid_drug_names_Motesanib_Diphosphate_AMG_706_10000_0,Motesanib Diphosphate (AMG-706)_10000.0
factor_valid_drug_names_NVP_BSK805_2HCl_10_0,NVP-BSK805 2HCl_10.0
factor_valid_drug_names_NVP_BSK805_2HCl_100_0,NVP-BSK805 2HCl_100.0
factor_valid_drug_names_NVP_BSK805_2HCl_1000_0,NVP-BSK805 2HCl_1000.0
factor_valid_drug_names_NVP_BSK805_2HCl_10000_0,NVP-BSK805 2HCl_10000.0
factor_valid_drug_names_Navitoclax_ABT_263_10_0,Navitoclax (ABT-263)_10.0
factor_valid_drug_names_Navitoclax_ABT_263_100_0,Navitoclax (ABT-263)_100.0
factor_valid_drug_names_Navitoclax_ABT_263_1000_0,Navitoclax (ABT-263)_1000.0
factor_valid_drug_names_Navitoclax_ABT_263_10000_0,Navitoclax (ABT-263)_10000.0
factor_valid_drug_names_Nilotinib_AMN_107_10_0,Nilotinib (AMN-107)_10.0
factor_valid_drug_names_Nilotinib_AMN_107_100_0,Nilotinib (AMN-107)_100.0
factor_valid_drug_names_Nilotinib_AMN_107_1000_0,Nilotinib (AMN-107)_1000.0
factor_valid_drug_names_Nilotinib_AMN_107_10000_0,Nilotinib (AMN-107)_10000.0
factor_valid_drug_names_Nintedanib_BIBF_1120_10_0,Nintedanib (BIBF 1120)_10.0
factor_valid_drug_names_Nintedanib_BIBF_1120_100_0,Nintedanib (BIBF 1120)_100.0
factor_valid_drug_names_Nintedanib_BIBF_1120_1000_0,Nintedanib (BIBF 1120)_1000.0
factor_valid_drug_names_Nintedanib_BIBF_1120_10000_0,Nintedanib (BIBF 1120)_10000.0
factor_valid_drug_names_Obatoclax_Mesylate_GX15_070_10_0,Obatoclax Mesylate (GX15-070)_10.0
factor_valid_drug_names_Obatoclax_Mesylate_GX15_070_100_0,Obatoclax Mesylate (GX15-070)_100.0
factor_valid_drug_names_Obatoclax_Mesylate_GX15_070_1000_0,Obatoclax Mesylate (GX15-070)_1000.0
factor_valid_drug_names_Obatoclax_Mesylate_GX15_070_10000_0,Obatoclax Mesylate (GX15-070)_10000.0
factor_valid_drug_names_Ofloxacin_10_0,Ofloxacin_10.0
factor_valid_drug_names_Ofloxacin_100_0,Ofloxacin_100.0
factor_valid_drug_names_Ofloxacin_1000_0,Ofloxacin_1000.0
factor_valid_drug_names_Ofloxacin_10000_0,Ofloxacin_10000.0
factor_valid_drug_names_PCI_34051_10_0,PCI-34051_10.0
factor_valid_drug_names_PCI_34051_100_0,PCI-34051_100.0
factor_valid_drug_names_PCI_34051_1000_0,PCI-34051_1000.0
factor_valid_drug_names_PCI_34051_10000_0,PCI-34051_10000.0
factor_valid_drug_names_PD173074_10_0,PD173074_10.0
factor_valid_drug_names_PD173074_100_0,PD173074_100.0
factor_valid_drug_names_PD173074_1000_0,PD173074_1000.0
factor_valid_drug_names_PD173074_10000_0,PD173074_10000.0
factor_valid_drug_names_PD98059_10_0,PD98059_10.0
factor_valid_drug_names_PD98059_100_0,PD98059_100.0
factor_valid_drug_names_PD98059_1000_0,PD98059_1000.0
factor_valid_drug_names_PD98059_10000_0,PD98059_10000.0
factor_valid_drug_names_PF_3845_10_0,PF-3845_10.0
factor_valid_drug_names_PF_3845_100_0,PF-3845_100.0
factor_valid_drug_names_PF_3845_1000_0,PF-3845_1000.0
factor_valid_drug_names_PF_3845_10000_0,PF-3845_10000.0
factor_valid_drug_names_PF_573228_10_0,PF-573228_10.0
factor_valid_drug_names_PF_573228_100_0,PF-573228_100.0
factor_valid_drug_names_PF_573228_1000_0,PF-573228_1000.0
factor_valid_drug_names_PF_573228_10000_0,PF-573228_10000.0
factor_valid_drug_names_PFI_1_PF_6405761_10_0,PFI-1 (PF-6405761)_10.0
factor_valid_drug_names_PFI_1_PF_6405761_100_0,PFI-1 (PF-6405761)_100.0
factor_valid_drug_names_PFI_1_PF_6405761_1000_0,PFI-1 (PF-6405761)_1000.0
factor_valid_drug_names_PFI_1_PF_6405761_10000_0,PFI-1 (PF-6405761)_10000.0
factor_valid_drug_names_PHA_680632_10_0,PHA-680632_10.0
factor_valid_drug_names_PHA_680632_100_0,PHA-680632_100.0
factor_valid_drug_names_PHA_680632_1000_0,PHA-680632_1000.0
factor_valid_drug_names_PHA_680632_10000_0,PHA-680632_10000.0
factor_valid_drug_names_PJ34_10_0,PJ34_10.0
factor_valid_drug_names_PJ34_100_0,PJ34_100.0
factor_valid_drug_names_PJ34_1000_0,PJ34_1000.0
factor_valid_drug_names_PJ34_10000_0,PJ34_10000.0
factor_valid_drug_names_Panobinostat_LBH589_10_0,Panobinostat (LBH589)_10.0
factor_valid_drug_names_Panobinostat_LBH589_100_0,Panobinostat (LBH589)_100.0
factor_valid_drug_names_Panobinostat_LBH589_1000_0,Panobinostat (LBH589)_1000.0
factor_valid_drug_names_Panobinostat_LBH589_10000_0,Panobinostat (LBH589)_10000.0
factor_valid_drug_names_Patupilone_EPO906_Epothilone_B_10_0,"Patupilone (EPO906, Epothilone B)_10.0"
factor_valid_drug_names_Patupilone_EPO906_Epothilone_B_100_0,"Patupilone (EPO906, Epothilone B)_100.0"
factor_valid_drug_names_Patupilone_EPO906_Epothilone_B_1000_0,"Patupilone (EPO906, Epothilone B)_1000.0"
factor_valid_drug_names_Patupilone_EPO906_Epothilone_B_10000_0,"Patupilone (EPO906, Epothilone B)_10000.0"
factor_valid_drug_names_Pelitinib_EKB_569_10_0,Pelitinib (EKB-569)_10.0
factor_valid_drug_names_Pelitinib_EKB_569_100_0,Pelitinib (EKB-569)_100.0
factor_valid_drug_names_Pelitinib_EKB_569_1000_0,Pelitinib (EKB-569)_1000.0
factor_valid_drug_names_Pelitinib_EKB_569_10000_0,Pelitinib (EKB-569)_10000.0
factor_valid_drug_names_Pirarubicin_10_0,Pirarubicin_10.0
factor_valid_drug_names_Pirarubicin_100_0,Pirarubicin_100.0
factor_valid_drug_names_Pirarubicin_1000_0,Pirarubicin_1000.0
factor_valid_drug_names_Pirarubicin_10000_0,Pirarubicin_10000.0
factor_valid_drug_names_Pracinostat_SB939_10_0,Pracinostat (SB939)_10.0
factor_valid_drug_names_Pracinostat_SB939_100_0,Pracinostat (SB939)_100.0
factor_valid_drug_names_Pracinostat_SB939_1000_0,Pracinostat (SB939)_1000.0
factor_valid_drug_names_Pracinostat_SB939_10000_0,Pracinostat (SB939)_10000.0
factor_valid_drug_names_Prednisone_10_0,Prednisone _10.0
factor_valid_drug_names_Prednisone_100_0,Prednisone _100.0
factor_valid_drug_names_Prednisone_1000_0,Prednisone _1000.0
factor_valid_drug_names_Prednisone_10000_0,Prednisone _10000.0
factor_valid_drug_names_Quercetin_10_0,Quercetin_10.0
factor_valid_drug_names_Quercetin_100_0,Quercetin_100.0
factor_valid_drug_names_Quercetin_1000_0,Quercetin_1000.0
factor_valid_drug_names_Quercetin_10000_0,Quercetin_10000.0
factor_valid_drug_names_Quisinostat_JNJ_26481585_2HCl_10_0,Quisinostat (JNJ-26481585) 2HCl_10.0
factor_valid_drug_names_Quisinostat_JNJ_26481585_2HCl_100_0,Quisinostat (JNJ-26481585) 2HCl_100.0
factor_valid_drug_names_Quisinostat_JNJ_26481585_2HCl_1000_0,Quisinostat (JNJ-26481585) 2HCl_1000.0
factor_valid_drug_names_Quisinostat_JNJ_26481585_2HCl_10000_0,Quisinostat (JNJ-26481585) 2HCl_10000.0
factor_valid_drug_names_RG108_10_0,RG108_10.0
factor_valid_drug_names_RG108_100_0,RG108_100.0
factor_valid_drug_names_RG108_1000_0,RG108_1000.0
factor_valid_drug_names_RG108_10000_0,RG108_10000.0
factor_valid_drug_names_Raltitrexed_10_0,Raltitrexed_10.0
factor_valid_drug_names_Raltitrexed_100_0,Raltitrexed_100.0
factor_valid_drug_names_Raltitrexed_1000_0,Raltitrexed_1000.0
factor_valid_drug_names_Raltitrexed_10000_0,Raltitrexed_10000.0
factor_valid_drug_names_Ramelteon_10_0,Ramelteon_10.0
factor_valid_drug_names_Ramelteon_100_0,Ramelteon_100.0
factor_valid_drug_names_Ramelteon_1000_0,Ramelteon_1000.0
factor_valid_drug_names_Ramelteon_10000_0,Ramelteon_10000.0
factor_valid_drug_names_Regorafenib_BAY_73_4506_10_0,Regorafenib (BAY 73-4506)_10.0
factor_valid_drug_names_Regorafenib_BAY_73_4506_100_0,Regorafenib (BAY 73-4506)_100.0
factor_valid_drug_names_Regorafenib_BAY_73_4506_1000_0,Regorafenib (BAY 73-4506)_1000.0
factor_valid_drug_names_Regorafenib_BAY_73_4506_10000_0,Regorafenib (BAY 73-4506)_10000.0
factor_valid_drug_names_Resminostat_10_0,Resminostat_10.0
factor_valid_drug_names_Resminostat_100_0,Resminostat_100.0
factor_valid_drug_names_Resminostat_1000_0,Resminostat_1000.0
factor_valid_drug_names_Resminostat_10000_0,Resminostat_10000.0
factor_valid_drug_names_Resveratrol_10_0,Resveratrol_10.0
factor_valid_drug_names_Resveratrol_100_0,Resveratrol_100.0
factor_valid_drug_names_Resveratrol_1000_0,Resveratrol_1000.0
factor_valid_drug_names_Resveratrol_10000_0,Resveratrol_10000.0
factor_valid_drug_names_Rigosertib_ON_01910_10_0,Rigosertib (ON-01910)_10.0
factor_valid_drug_names_Rigosertib_ON_01910_100_0,Rigosertib (ON-01910)_100.0
factor_valid_drug_names_Rigosertib_ON_01910_1000_0,Rigosertib (ON-01910)_1000.0
factor_valid_drug_names_Rigosertib_ON_01910_10000_0,Rigosertib (ON-01910)_10000.0
factor_valid_drug_names_Roscovitine_Seliciclib_CYC202_10_0,"Roscovitine (Seliciclib,CYC202)_10.0"
factor_valid_drug_names_Roscovitine_Seliciclib_CYC202_100_0,"Roscovitine (Seliciclib,CYC202)_100.0"
factor_valid_drug_names_Roscovitine_Seliciclib_CYC202_1000_0,"Roscovitine (Seliciclib,CYC202)_1000.0"
factor_valid_drug_names_Roscovitine_Seliciclib_CYC202_10000_0,"Roscovitine (Seliciclib,CYC202)_10000.0"
factor_valid_drug_names_Roxadustat_FG_4592_10_0,Roxadustat (FG-4592)_10.0
factor_valid_drug_names_Roxadustat_FG_4592_100_0,Roxadustat (FG-4592)_100.0
factor_valid_drug_names_Roxadustat_FG_4592_1000_0,Roxadustat (FG-4592)_1000.0
factor_valid_drug_names_Roxadustat_FG_4592_10000_0,Roxadustat (FG-4592)_10000.0
factor_valid_drug_names_Rucaparib_AG_014699_PF_01367338_phosphate_10_0,"Rucaparib (AG-014699,PF-01367338) phosphate_10.0"
factor_valid_drug_names_Rucaparib_AG_014699_PF_01367338_phosphate_100_0,"Rucaparib (AG-014699,PF-01367338) phosphate_100.0"
factor_valid_drug_names_Rucaparib_AG_014699_PF_01367338_phosphate_1000_0,"Rucaparib (AG-014699,PF-01367338) phosphate_1000.0"
factor_valid_drug_names_Rucaparib_AG_014699_PF_01367338_phosphate_10000_0,"Rucaparib (AG-014699,PF-01367338) phosphate_10000.0"
factor_valid_drug_names_Ruxolitinib_INCB018424_10_0,Ruxolitinib (INCB018424)_10.0
factor_valid_drug_names_Ruxolitinib_INCB018424_100_0,Ruxolitinib (INCB018424)_100.0
factor_valid_drug_names_Ruxolitinib_INCB018424_1000_0,Ruxolitinib (INCB018424)_1000.0
factor_valid_drug_names_Ruxolitinib_INCB018424_10000_0,Ruxolitinib (INCB018424)_10000.0
factor_valid_drug_names_S_Ruxolitinib_INCB018424_10_0,S-Ruxolitinib (INCB018424)_10.0
factor_valid_drug_names_S_Ruxolitinib_INCB018424_100_0,S-Ruxolitinib (INCB018424)_100.0
factor_valid_drug_names_S_Ruxolitinib_INCB018424_1000_0,S-Ruxolitinib (INCB018424)_1000.0
factor_valid_drug_names_S_Ruxolitinib_INCB018424_10000_0,S-Ruxolitinib (INCB018424)_10000.0
factor_valid_drug_names_S3I_201_10_0,S3I-201_10.0
factor_valid_drug_names_S3I_201_100_0,S3I-201_100.0
factor_valid_drug_names_S3I_201_1000_0,S3I-201_1000.0
factor_valid_drug_names_S3I_201_10000_0,S3I-201_10000.0
factor_valid_drug_names_SB431542_10_0,SB431542_10.0
factor_valid_drug_names_SB431542_100_0,SB431542_100.0
factor_valid_drug_names_SB431542_1000_0,SB431542_1000.0
factor_valid_drug_names_SB431542_10000_0,SB431542_10000.0
factor_valid_drug_names_SGI_1776_free_base_10_0,SGI-1776 free base_10.0
factor_valid_drug_names_SGI_1776_free_base_100_0,SGI-1776 free base_100.0
factor_valid_drug_names_SGI_1776_free_base_1000_0,SGI-1776 free base_1000.0
factor_valid_drug_names_SGI_1776_free_base_10000_0,SGI-1776 free base_10000.0
factor_valid_drug_names_SL_327_10_0,SL-327_10.0
factor_valid_drug_names_SL_327_100_0,SL-327_100.0
factor_valid_drug_names_SL_327_1000_0,SL-327_1000.0
factor_valid_drug_names_SL_327_10000_0,SL-327_10000.0
factor_valid_drug_names_SNS_314_10_0,SNS-314_10.0
factor_valid_drug_names_SNS_314_100_0,SNS-314_100.0
factor_valid_drug_names_SNS_314_1000_0,SNS-314_1000.0
factor_valid_drug_names_SNS_314_10000_0,SNS-314_10000.0
factor_valid_drug_names_SRT1720_HCl_10_0,SRT1720 HCl_10.0
factor_valid_drug_names_SRT1720_HCl_100_0,SRT1720 HCl_100.0
factor_valid_drug_names_SRT1720_HCl_1000_0,SRT1720 HCl_1000.0
factor_valid_drug_names_SRT1720_HCl_10000_0,SRT1720 HCl_10000.0
factor_valid_drug_names_SRT2104_GSK2245840_10_0,SRT2104 (GSK2245840)_10.0
factor_valid_drug_names_SRT2104_GSK2245840_100_0,SRT2104 (GSK2245840)_100.0
factor_valid_drug_names_SRT2104_GSK2245840_1000_0,SRT2104 (GSK2245840)_1000.0
factor_valid_drug_names_SRT2104_GSK2245840_10000_0,SRT2104 (GSK2245840)_10000.0
factor_valid_drug_names_SRT3025_HCl_10_0,SRT3025 HCl_10.0
factor_valid_drug_names_SRT3025_HCl_100_0,SRT3025 HCl_100.0
factor_valid_drug_names_SRT3025_HCl_1000_0,SRT3025 HCl_1000.0
factor_valid_drug_names_SRT3025_HCl_10000_0,SRT3025 HCl_10000.0
factor_valid_drug_names_Selisistat_EX_527_10_0,Selisistat (EX 527)_10.0
factor_valid_drug_names_Selisistat_EX_527_100_0,Selisistat (EX 527)_100.0
factor_valid_drug_names_Selisistat_EX_527_1000_0,Selisistat (EX 527)_1000.0
factor_valid_drug_names_Selisistat_EX_527_10000_0,Selisistat (EX 527)_10000.0
factor_valid_drug_names_Sirtinol_10_0,Sirtinol_10.0
factor_valid_drug_names_Sirtinol_100_0,Sirtinol_100.0
factor_valid_drug_names_Sirtinol_1000_0,Sirtinol_1000.0
factor_valid_drug_names_Sirtinol_10000_0,Sirtinol_10000.0
factor_valid_drug_names_Sodium_Phenylbutyrate_10_0,Sodium Phenylbutyrate_10.0
factor_valid_drug_names_Sodium_Phenylbutyrate_100_0,Sodium Phenylbutyrate_100.0
factor_valid_drug_names_Sodium_Phenylbutyrate_1000_0,Sodium Phenylbutyrate_1000.0
factor_valid_drug_names_Sodium_Phenylbutyrate_10000_0,Sodium Phenylbutyrate_10000.0
factor_valid_drug_names_Sorafenib_Tosylate_10_0,Sorafenib Tosylate_10.0
factor_valid_drug_names_Sorafenib_Tosylate_100_0,Sorafenib Tosylate_100.0
factor_valid_drug_names_Sorafenib_Tosylate_1000_0,Sorafenib Tosylate_1000.0
factor_valid_drug_names_Sorafenib_Tosylate_10000_0,Sorafenib Tosylate_10000.0
factor_valid_drug_names_Streptozotocin_STZ_10_0,Streptozotocin (STZ)_10.0
factor_valid_drug_names_Streptozotocin_STZ_100_0,Streptozotocin (STZ)_100.0
factor_valid_drug_names_Streptozotocin_STZ_1000_0,Streptozotocin (STZ)_1000.0
factor_valid_drug_names_Streptozotocin_STZ_10000_0,Streptozotocin (STZ)_10000.0
factor_valid_drug_names_TAK_901_10_0,TAK-901_10.0
factor_valid_drug_names_TAK_901_100_0,TAK-901_100.0
factor_valid_drug_names_TAK_901_1000_0,TAK-901_1000.0
factor_valid_drug_names_TAK_901_10000_0,TAK-901_10000.0
factor_valid_drug_names_TG101209_10_0,TG101209_10.0
factor_valid_drug_names_TG101209_100_0,TG101209_100.0
factor_valid_drug_names_TG101209_1000_0,TG101209_1000.0
factor_valid_drug_names_TG101209_10000_0,TG101209_10000.0
factor_valid_drug_names_TGX_221_10_0,TGX-221_10.0
factor_valid_drug_names_TGX_221_100_0,TGX-221_100.0
factor_valid_drug_names_TGX_221_1000_0,TGX-221_1000.0
factor_valid_drug_names_TGX_221_10000_0,TGX-221_10000.0
factor_valid_drug_names_TMP195_10_0,TMP195_10.0
factor_valid_drug_names_TMP195_100_0,TMP195_100.0
factor_valid_drug_names_TMP195_1000_0,TMP195_1000.0
factor_valid_drug_names_TMP195_10000_0,TMP195_10000.0
factor_valid_drug_names_Tacedinaline_CI994_10_0,Tacedinaline (CI994)_10.0
factor_valid_drug_names_Tacedinaline_CI994_100_0,Tacedinaline (CI994)_100.0
factor_valid_drug_names_Tacedinaline_CI994_1000_0,Tacedinaline (CI994)_1000.0
factor_valid_drug_names_Tacedinaline_CI994_10000_0,Tacedinaline (CI994)_10000.0
factor_valid_drug_names_Tanespimycin_17_AAG_10_0,Tanespimycin (17-AAG)_10.0
factor_valid_drug_names_Tanespimycin_17_AAG_100_0,Tanespimycin (17-AAG)_100.0
factor_valid_drug_names_Tanespimycin_17_AAG_1000_0,Tanespimycin (17-AAG)_1000.0
factor_valid_drug_names_Tanespimycin_17_AAG_10000_0,Tanespimycin (17-AAG)_10000.0
factor_valid_drug_names_Tazemetostat_EPZ_6438_10_0,Tazemetostat (EPZ-6438)_10.0
factor_valid_drug_names_Tazemetostat_EPZ_6438_100_0,Tazemetostat (EPZ-6438)_100.0
factor_valid_drug_names_Tazemetostat_EPZ_6438_1000_0,Tazemetostat (EPZ-6438)_1000.0
factor_valid_drug_names_Tazemetostat_EPZ_6438_10000_0,Tazemetostat (EPZ-6438)_10000.0
factor_valid_drug_names_Temsirolimus_CCI_779_NSC_683864_10_0,"Temsirolimus (CCI-779, NSC 683864)_10.0"
factor_valid_drug_names_Temsirolimus_CCI_779_NSC_683864_100_0,"Temsirolimus (CCI-779, NSC 683864)_100.0"
factor_valid_drug_names_Temsirolimus_CCI_779_NSC_683864_1000_0,"Temsirolimus (CCI-779, NSC 683864)_1000.0"
factor_valid_drug_names_Temsirolimus_CCI_779_NSC_683864_10000_0,"Temsirolimus (CCI-779, NSC 683864)_10000.0"
factor_valid_drug_names_Thalidomide_10_0,Thalidomide_10.0
factor_valid_drug_names_Thalidomide_100_0,Thalidomide_100.0
factor_valid_drug_names_Thalidomide_1000_0,Thalidomide_1000.0
factor_valid_drug_names_Thalidomide_10000_0,Thalidomide_10000.0
factor_valid_drug_names_Thiotepa_10_0,Thiotepa_10.0
factor_valid_drug_names_Thiotepa_100_0,Thiotepa_100.0
factor_valid_drug_names_Thiotepa_1000_0,Thiotepa_1000.0
factor_valid_drug_names_Thiotepa_10000_0,Thiotepa_10000.0
factor_valid_drug_names_Tie2_kinase_inhibitor_10_0,Tie2 kinase inhibitor_10.0
factor_valid_drug_names_Tie2_kinase_inhibitor_100_0,Tie2 kinase inhibitor_100.0
factor_valid_drug_names_Tie2_kinase_inhibitor_1000_0,Tie2 kinase inhibitor_1000.0
factor_valid_drug_names_Tie2_kinase_inhibitor_10000_0,Tie2 kinase inhibitor_10000.0
factor_valid_drug_names_Tofacitinib_CP_690550_Citrate_10_0,Tofacitinib (CP-690550) Citrate_10.0
factor_valid_drug_names_Tofacitinib_CP_690550_Citrate_100_0,Tofacitinib (CP-690550) Citrate_100.0
factor_valid_drug_names_Tofacitinib_CP_690550_Citrate_1000_0,Tofacitinib (CP-690550) Citrate_1000.0
factor_valid_drug_names_Tofacitinib_CP_690550_Citrate_10000_0,Tofacitinib (CP-690550) Citrate_10000.0
factor_valid_drug_names_Toremifene_Citrate_10_0,Toremifene Citrate_10.0
factor_valid_drug_names_Toremifene_Citrate_100_0,Toremifene Citrate_100.0
factor_valid_drug_names_Toremifene_Citrate_1000_0,Toremifene Citrate_1000.0
factor_valid_drug_names_Toremifene_Citrate_10000_0,Toremifene Citrate_10000.0
factor_valid_drug_names_Tozasertib_VX_680_MK_0457_10_0,"Tozasertib (VX-680, MK-0457)_10.0"
factor_valid_drug_names_Tozasertib_VX_680_MK_0457_100_0,"Tozasertib (VX-680, MK-0457)_100.0"
factor_valid_drug_names_Tozasertib_VX_680_MK_0457_1000_0,"Tozasertib (VX-680, MK-0457)_1000.0"
factor_valid_drug_names_Tozasertib_VX_680_MK_0457_10000_0,"Tozasertib (VX-680, MK-0457)_10000.0"
factor_valid_drug_names_Trametinib_GSK1120212_10_0,Trametinib (GSK1120212)_10.0
factor_valid_drug_names_Trametinib_GSK1120212_100_0,Trametinib (GSK1120212)_100.0
factor_valid_drug_names_Trametinib_GSK1120212_1000_0,Trametinib (GSK1120212)_1000.0
factor_valid_drug_names_Trametinib_GSK1120212_10000_0,Trametinib (GSK1120212)_10000.0
factor_valid_drug_names_Tranylcypromine_2_PCPA_HCl_10_0,Tranylcypromine (2-PCPA) HCl_10.0
factor_valid_drug_names_Tranylcypromine_2_PCPA_HCl_100_0,Tranylcypromine (2-PCPA) HCl_100.0
factor_valid_drug_names_Tranylcypromine_2_PCPA_HCl_1000_0,Tranylcypromine (2-PCPA) HCl_1000.0
factor_valid_drug_names_Tranylcypromine_2_PCPA_HCl_10000_0,Tranylcypromine (2-PCPA) HCl_10000.0
factor_valid_drug_names_Triamcinolone_Acetonide_10_0,Triamcinolone Acetonide_10.0
factor_valid_drug_names_Triamcinolone_Acetonide_100_0,Triamcinolone Acetonide_100.0
factor_valid_drug_names_Triamcinolone_Acetonide_1000_0,Triamcinolone Acetonide_1000.0
factor_valid_drug_names_Triamcinolone_Acetonide_10000_0,Triamcinolone Acetonide_10000.0
factor_valid_drug_names_Trichostatin_A_TSA_10_0,Trichostatin A (TSA)_10.0
factor_valid_drug_names_Trichostatin_A_TSA_100_0,Trichostatin A (TSA)_100.0
factor_valid_drug_names_Trichostatin_A_TSA_1000_0,Trichostatin A (TSA)_1000.0
factor_valid_drug_names_Trichostatin_A_TSA_10000_0,Trichostatin A (TSA)_10000.0
factor_valid_drug_names_Tubastatin_A_HCl_10_0,Tubastatin A HCl_10.0
factor_valid_drug_names_Tubastatin_A_HCl_100_0,Tubastatin A HCl_100.0
factor_valid_drug_names_Tubastatin_A_HCl_1000_0,Tubastatin A HCl_1000.0
factor_valid_drug_names_Tubastatin_A_HCl_10000_0,Tubastatin A HCl_10000.0
factor_valid_drug_names_Tucidinostat_Chidamide_10_0,Tucidinostat (Chidamide)_10.0
factor_valid_drug_names_Tucidinostat_Chidamide_100_0,Tucidinostat (Chidamide)_100.0
factor_valid_drug_names_Tucidinostat_Chidamide_1000_0,Tucidinostat (Chidamide)_1000.0
factor_valid_drug_names_Tucidinostat_Chidamide_10000_0,Tucidinostat (Chidamide)_10000.0
factor_valid_drug_names_UNC0379_10_0,UNC0379_10.0
factor_valid_drug_names_UNC0379_100_0,UNC0379_100.0
factor_valid_drug_names_UNC0379_1000_0,UNC0379_1000.0
factor_valid_drug_names_UNC0379_10000_0,UNC0379_10000.0
factor_valid_drug_names_UNC0631_10_0,UNC0631_10.0
factor_valid_drug_names_UNC0631_100_0,UNC0631_100.0
factor_valid_drug_names_UNC0631_1000_0,UNC0631_1000.0
factor_valid_drug_names_UNC0631_10000_0,UNC0631_10000.0
factor_valid_drug_names_UNC1999_10_0,UNC1999_10.0
factor_valid_drug_names_UNC1999_100_0,UNC1999_100.0
factor_valid_drug_names_UNC1999_1000_0,UNC1999_1000.0
factor_valid_drug_names_UNC1999_10000_0,UNC1999_10000.0
factor_valid_drug_names_Valproic_acid_sodium_salt_Sodium_valproate_10_0,Valproic acid sodium salt (Sodium valproate)_10.0
factor_valid_drug_names_Valproic_acid_sodium_salt_Sodium_valproate_100_0,Valproic acid sodium salt (Sodium valproate)_100.0
factor_valid_drug_names_Valproic_acid_sodium_salt_Sodium_valproate_1000_0,Valproic acid sodium salt (Sodium valproate)_1000.0
factor_valid_drug_names_Valproic_acid_sodium_salt_Sodium_valproate_10000_0,Valproic acid sodium salt (Sodium valproate)_10000.0
factor_valid_drug_names_Vandetanib_ZD6474_10_0,Vandetanib (ZD6474)_10.0
factor_valid_drug_names_Vandetanib_ZD6474_100_0,Vandetanib (ZD6474)_100.0
factor_valid_drug_names_Vandetanib_ZD6474_1000_0,Vandetanib (ZD6474)_1000.0
factor_valid_drug_names_Vandetanib_ZD6474_10000_0,Vandetanib (ZD6474)_10000.0
factor_valid_drug_names_Veliparib_ABT_888_10_0,Veliparib (ABT-888)_10.0
factor_valid_drug_names_Veliparib_ABT_888_100_0,Veliparib (ABT-888)_100.0
factor_valid_drug_names_Veliparib_ABT_888_1000_0,Veliparib (ABT-888)_1000.0
factor_valid_drug_names_Veliparib_ABT_888_10000_0,Veliparib (ABT-888)_10000.0
factor_valid_drug_names_WHI_P154_10_0,WHI-P154_10.0
factor_valid_drug_names_WHI_P154_100_0,WHI-P154_100.0
factor_valid_drug_names_WHI_P154_1000_0,WHI-P154_1000.0
factor_valid_drug_names_WHI_P154_10000_0,WHI-P154_10000.0
factor_valid_drug_names_WP1066_10_0,WP1066_10.0
factor_valid_drug_names_WP1066_100_0,WP1066_100.0
factor_valid_drug_names_WP1066_1000_0,WP1066_1000.0
factor_valid_drug_names_WP1066_10000_0,WP1066_10000.0
factor_valid_drug_names_XAV_939_10_0,XAV-939_10.0
factor_valid_drug_names_XAV_939_100_0,XAV-939_100.0
factor_valid_drug_names_XAV_939_1000_0,XAV-939_1000.0
factor_valid_drug_names_XAV_939_10000_0,XAV-939_10000.0
factor_valid_drug_names_YM155_Sepantronium_Bromide_10_0,YM155 (Sepantronium Bromide)_10.0
factor_valid_drug_names_YM155_Sepantronium_Bromide_100_0,YM155 (Sepantronium Bromide)_100.0
factor_valid_drug_names_YM155_Sepantronium_Bromide_1000_0,YM155 (Sepantronium Bromide)_1000.0
factor_valid_drug_names_YM155_Sepantronium_Bromide_10000_0,YM155 (Sepantronium Bromide)_10000.0
factor_valid_drug_names_ZM_447439_10_0,ZM 447439_10.0
factor_valid_drug_names_ZM_447439_100_0,ZM 447439_100.0
factor_valid_drug_names_ZM_447439_1000_0,ZM 447439_1000.0
factor_valid_drug_names_ZM_447439_10000_0,ZM 447439_10000.0
factor_valid_drug_names_Zileuton_10_0,Zileuton_10.0
factor_valid_drug_names_Zileuton_100_0,Zileuton_100.0
factor_valid_drug_names_Zileuton_1000_0,Zileuton_1000.0
factor_valid_drug_names_Zileuton_10000_0,Zileuton_10000.0
factor_valid_drug_names_control_0_0,control_0.0
